{
  "view/OfficalRightScreen.view.xml": 1765771621263,
  "model/models.js": 1765524275850,
  "manifest.json": 1765998529739,
  "controller/OfficalRightScreen.controller.js": 1765898953292,
  "controller/LeftScreen.controller.js": 1765889522628,
  "controller/InitialRightScreen.controller.js": 1765771621263,
  "controller/App.controller.js": 1765771621263,
  "Component.js": 1765771621263,
  "Component-preload.js": 1765998529891,
  "controller/InitialRightScreen-dbg.controller.js": 1765771621263,
  "controller/OfficalRightScreen-dbg.controller.js": 1765898953292,
  "controller/LeftScreen-dbg.controller.js": 1765889522628,
  "model/models-dbg.js": 1765524275850,
  "controller/App-dbg.controller.js": 1765771621263,
  "Component-dbg.js": 1765771621263,
  "resources/images/SAP_AI_Core_Service_Icon.svg": 1765524275850,
  "i18n/i18n.properties": 1765771621263,
  "view/LeftScreen.view.xml": 1765771621263,
  "view/InitialRightScreen.view.xml": 1765771621263,
  "view/FileUploading.fragment.xml": 1765524275850,
  "view/FileManagement.fragment.xml": 1765524275850,
  "view/App.view.xml": 1765771621263,
  "css/style.css": 1765524275846,
  "index.html": 1765771621263
}